<dependencies>
  <packages>
    <package>androidx.annotation:annotation:1.1.0</package>
    <package>androidx.appcompat:appcompat:1.2.0</package>
    <package>androidx.constraintlayout:constraintlayout:2.0.1</package>
    <package>androidx.lifecycle:lifecycle-extensions:2.2.0</package>
    <package>com.amazonaws:aws-android-sdk-appsync:2.8.3</package>
    <package>com.amazonaws:aws-android-sdk-auth-userpools:2.13.7</package>
    <package>com.amazonaws:aws-android-sdk-cognito:2.16.12</package>
    <package>com.amazonaws:aws-android-sdk-cognitoidentityprovider:2.16.12</package>
    <package>com.amazonaws:aws-android-sdk-core:2.16.12</package>
    <package>com.amazonaws:aws-android-sdk-mobile-client:2.16.12</package>
    <package>com.github.bumptech.glide:glide:4.11.0</package>
    <package>com.google.android.material:material:1.2.1</package>
    <package>de.hdodenhof:circleimageview:3.1.0</package>
  </packages>
  <files>
    <file>Assets/Plugins/Android/androidx.activity.activity-1.1.0.aar</file>
    <file>Assets/Plugins/Android/androidx.annotation.annotation-1.1.0.jar</file>
    <file>Assets/Plugins/Android/androidx.annotation.annotation-experimental-1.0.0.aar</file>
    <file>Assets/Plugins/Android/androidx.appcompat.appcompat-1.2.0.aar</file>
    <file>Assets/Plugins/Android/androidx.appcompat.appcompat-resources-1.2.0.aar</file>
    <file>Assets/Plugins/Android/androidx.arch.core.core-common-2.1.0.jar</file>
    <file>Assets/Plugins/Android/androidx.arch.core.core-runtime-2.1.0.aar</file>
    <file>Assets/Plugins/Android/androidx.cardview.cardview-1.0.0.aar</file>
    <file>Assets/Plugins/Android/androidx.collection.collection-1.1.0.jar</file>
    <file>Assets/Plugins/Android/androidx.constraintlayout.constraintlayout-2.0.1.aar</file>
    <file>Assets/Plugins/Android/androidx.constraintlayout.constraintlayout-solver-2.0.1.jar</file>
    <file>Assets/Plugins/Android/androidx.coordinatorlayout.coordinatorlayout-1.1.0.aar</file>
    <file>Assets/Plugins/Android/androidx.core.core-1.3.1.aar</file>
    <file>Assets/Plugins/Android/androidx.cursoradapter.cursoradapter-1.0.0.aar</file>
    <file>Assets/Plugins/Android/androidx.customview.customview-1.0.0.aar</file>
    <file>Assets/Plugins/Android/androidx.drawerlayout.drawerlayout-1.0.0.aar</file>
    <file>Assets/Plugins/Android/androidx.exifinterface.exifinterface-1.0.0.aar</file>
    <file>Assets/Plugins/Android/androidx.fragment.fragment-1.2.0.aar</file>
    <file>Assets/Plugins/Android/androidx.interpolator.interpolator-1.0.0.aar</file>
    <file>Assets/Plugins/Android/androidx.lifecycle.lifecycle-common-2.2.0.jar</file>
    <file>Assets/Plugins/Android/androidx.lifecycle.lifecycle-extensions-2.2.0.aar</file>
    <file>Assets/Plugins/Android/androidx.lifecycle.lifecycle-livedata-2.2.0.aar</file>
    <file>Assets/Plugins/Android/androidx.lifecycle.lifecycle-livedata-core-2.2.0.aar</file>
    <file>Assets/Plugins/Android/androidx.lifecycle.lifecycle-process-2.2.0.aar</file>
    <file>Assets/Plugins/Android/androidx.lifecycle.lifecycle-runtime-2.2.0.aar</file>
    <file>Assets/Plugins/Android/androidx.lifecycle.lifecycle-service-2.2.0.aar</file>
    <file>Assets/Plugins/Android/androidx.lifecycle.lifecycle-viewmodel-2.2.0.aar</file>
    <file>Assets/Plugins/Android/androidx.lifecycle.lifecycle-viewmodel-savedstate-1.0.0.aar</file>
    <file>Assets/Plugins/Android/androidx.loader.loader-1.0.0.aar</file>
    <file>Assets/Plugins/Android/androidx.recyclerview.recyclerview-1.1.0.aar</file>
    <file>Assets/Plugins/Android/androidx.savedstate.savedstate-1.0.0.aar</file>
    <file>Assets/Plugins/Android/androidx.transition.transition-1.2.0.aar</file>
    <file>Assets/Plugins/Android/androidx.vectordrawable.vectordrawable-1.1.0.aar</file>
    <file>Assets/Plugins/Android/androidx.vectordrawable.vectordrawable-animated-1.1.0.aar</file>
    <file>Assets/Plugins/Android/androidx.versionedparcelable.versionedparcelable-1.1.0.aar</file>
    <file>Assets/Plugins/Android/androidx.viewpager.viewpager-1.0.0.aar</file>
    <file>Assets/Plugins/Android/androidx.viewpager2.viewpager2-1.0.0.aar</file>
    <file>Assets/Plugins/Android/com.amazonaws.aws-android-sdk-appsync-2.8.3.aar</file>
    <file>Assets/Plugins/Android/com.amazonaws.aws-android-sdk-auth-core-2.16.12.aar</file>
    <file>Assets/Plugins/Android/com.amazonaws.aws-android-sdk-auth-userpools-2.13.7.aar</file>
    <file>Assets/Plugins/Android/com.amazonaws.aws-android-sdk-cognito-2.16.12.jar</file>
    <file>Assets/Plugins/Android/com.amazonaws.aws-android-sdk-cognitoidentityprovider-2.16.12.jar</file>
    <file>Assets/Plugins/Android/com.amazonaws.aws-android-sdk-cognitoidentityprovider-asf-1.0.0.jar</file>
    <file>Assets/Plugins/Android/com.amazonaws.aws-android-sdk-core-2.16.12.jar</file>
    <file>Assets/Plugins/Android/com.amazonaws.aws-android-sdk-mobile-client-2.16.12.aar</file>
    <file>Assets/Plugins/Android/com.github.bumptech.glide.annotations-4.11.0.jar</file>
    <file>Assets/Plugins/Android/com.github.bumptech.glide.disklrucache-4.11.0.jar</file>
    <file>Assets/Plugins/Android/com.github.bumptech.glide.gifdecoder-4.11.0.aar</file>
    <file>Assets/Plugins/Android/com.github.bumptech.glide.glide-4.11.0.aar</file>
    <file>Assets/Plugins/Android/com.google.android.material.material-1.2.1.aar</file>
    <file>Assets/Plugins/Android/com.google.code.findbugs.jsr305-3.0.1.jar</file>
    <file>Assets/Plugins/Android/com.google.code.gson.gson-2.2.4.jar</file>
    <file>Assets/Plugins/Android/com.squareup.okhttp3.okhttp-3.8.1.jar</file>
    <file>Assets/Plugins/Android/com.squareup.okio.okio-1.13.0.jar</file>
    <file>Assets/Plugins/Android/de.hdodenhof.circleimageview-3.1.0.aar</file>
  </files>
  <settings>
    <setting name="androidAbis" value="arm64-v8a,armeabi-v7a,x86" />
    <setting name="bundleId" value="com.bitszer.bitszerbattle.demo" />
    <setting name="explodeAars" value="True" />
    <setting name="gradleBuildEnabled" value="True" />
    <setting name="gradleTemplateEnabled" value="False" />
    <setting name="installAndroidPackages" value="True" />
    <setting name="localMavenRepoDir" value="Assets/GeneratedLocalRepo" />
    <setting name="packageDir" value="Assets/Plugins/Android" />
    <setting name="patchAndroidManifest" value="True" />
    <setting name="patchMainTemplateGradle" value="True" />
    <setting name="projectExportEnabled" value="False" />
    <setting name="useJetifier" value="True" />
  </settings>
</dependencies>