<projectSettings>
  <projectSetting name="com.google.external-dependency-managerAnalyticsCookie" value="17887e6e23fe42cebb7f2a03b576de59" />
  <projectSetting name="com.google.external-dependency-managerAnalyticsEnabled" value="True" />
  <projectSetting name="Google.IOSResolver.VerboseLoggingEnabled" value="False" />
  <projectSetting name="Google.PackageManagerResolver.VerboseLoggingEnabled" value="False" />
  <projectSetting name="Google.VersionHandler.VerboseLoggingEnabled" value="False" />
  <projectSetting name="GooglePlayServices.AndroidPackageInstallationEnabled" value="True" />
  <projectSetting name="GooglePlayServices.AutoResolutionDisabledWarning" value="True" />
  <projectSetting name="GooglePlayServices.AutoResolveOnBuild" value="True" />
  <projectSetting name="GooglePlayServices.AutoResolverEnabled" value="True" />
  <projectSetting name="GooglePlayServices.ExplodeAars" value="True" />
  <projectSetting name="GooglePlayServices.LocalMavenRepoDir" value="Assets/GeneratedLocalRepo" />
  <projectSetting name="GooglePlayServices.PatchAndroidManifest" value="True" />
  <projectSetting name="GooglePlayServices.PatchMainTemplateGradle" value="True" />
  <projectSetting name="GooglePlayServices.PromptBeforeAutoResolution" value="False" />
  <projectSetting name="GooglePlayServices.UseGradleDaemon" value="True" />
  <projectSetting name="GooglePlayServices.UseJetifier" value="True" />
  <projectSetting name="GooglePlayServices.VerboseLogging" value="False" />
</projectSettings>